url,image,name,price
/exercise/list_basic_detail/90008-E/,/static/img/90008-E.jpg,Short Dress,$24.99
/exercise/list_basic_detail/96436-A/,/static/img/96436-A.jpg,Patterned Slacks,$29.99
/exercise/list_basic_detail/93926-B/,/static/img/93926-B.jpg,Short Chiffon Dress,$49.99
/exercise/list_basic_detail/90882-B/,/static/img/90882-B.jpg,Off-the-shoulder Dress,$59.99
/exercise/list_basic_detail/93756-C/,/static/img/93756-C.jpg,V-neck Top,$24.99
/exercise/list_basic_detail/93926-C/,/static/img/93926-C.jpg,Short Chiffon Dress,$49.99
/exercise/list_basic_detail/93756-B/,/static/img/93756-B.jpg,V-neck Top,$24.99
/exercise/list_basic_detail/93756-D/,/static/img/93756-D.jpg,V-neck Top,$24.99
/exercise/list_basic_detail/96643-A/,/static/img/96643-A.jpg,Short Lace Dress,$59.99
/exercise/list_basic_detail/94766-A/,/static/img/94766-A.jpg,Fitted Dress,$34.99
